pitcher_id,pitcher_name,workload_category,mean_velo_dev,count
676702,Hunter Stratton,Medium,0.08271993401819135,17
445926,Jesse Chavez,Medium,-0.01662318029833776,93
571521,Rex Brothers,Medium,0.06428911590703912,32
592761,Caleb Smith,High,-0.06483918841186782,12
571882,Derek Law,Low,-0.006108649757774539,14
643493,Austin Pruitt,Low,-0.2807943363825653,6
656458,Lucas Gilbreath,High,-0.1392533613011072,7
641501,Tyler Danish,Medium,0.11400094078033002,15
671345,Jason Foley,Low,0.014232933567243615,76
659275,Dinelson Lamet,Low,-0.0665216164835769,14
663158,Robert Suarez,Medium,-0.012020302418970674,64
641394,Jake Brentz,High,0.15637184110547273,6
594580,Sam Moll,Medium,-0.0736674543688558,84
676051,Codi Heuer,High,-0.277096728064015,5
606149,Giovanny Gallegos,Low,-0.00019985285063694232,71
641627,Trevor Gott,Medium,0.09748070477951089,62
519043,Matt Moore,Medium,-0.04925845847352647,97
650530,Bryan Garcia,Medium,0.10245278759984996,18
669912,Kirby Snead,Low,0.050162116490553785,25
598264,Matt Barnes,High,0.3567518194318765,10
544727,Jeurys Familia,Low,0.2561326037673055,38
663574,Tony Santillan,Medium,-0.07925027912944031,20
476595,Lucas Luetge,Low,-0.18151837503620005,30
670950,Trevor Richards,High,-0.15785858115380944,14
664854,Ryan Helsley,Medium,-0.05955004794108458,130
664123,Scott Effross,Low,0.2520655357231706,21
656629,Michael Kopech,Medium,0.03823501258206436,39
606930,Jacob Barnes,Medium,0.04882948297183061,43
679885,Justin Martinez,Medium,-0.03309658189842293,35
643511,Tyler Rogers,High,0.10834159737353406,26
571948,Hoby Milner,Medium,0.005026971244143768,115
642397,Gregory Soto,Medium,-0.0789335096888148,140
592773,Ryne Stanek,Low,-0.06366291678593711,100
669395,Dylan Coleman,Low,0.3798117203183672,17
660813,Brusdar Graterol,Medium,-0.07821792951425602,89
641703,Brent Honeywell,Medium,0.07238244091690128,36
543339,Daniel Hudson,Low,-0.013330557527199095,47
669330,Tyler Wells,Medium,-0.13231812363940906,22
607237,Amir Garrett,Low,0.04607475927247926,55
571710,Mychal Givens,High,0.03610309694545322,5
666168,Mason Thompson,Low,-0.013905401177104358,18
592454,Tommy Kahnle,Medium,-0.13978066958554394,43
650556,Bryan Abreu,High,-0.2546112344884092,34
642701,Dennis Santana,Medium,-0.029161762316672155,102
641835,Tim Mayza,Medium,-0.019054137142210454,117
519293,Will Smith,High,0.07580314275595246,16
656271,Brock Burke,Low,-0.018277760907295406,46
598264,Matt Barnes,Medium,-0.18427380868973006,51
605130,Scott Barlow,Low,-0.08613806919593348,64
641401,Connor Brogdon,Medium,-0.1987595295211571,56
689147,Orion Kerkering,Low,0.15973894769639577,13
669330,Tyler Wells,Low,0.3676315179923346,16
593833,Wander Suero,Low,0.36960570881746885,11
518489,Ryan Brasier,High,0.3848160267110501,8
641793,Zack Littell,High,-0.11970650383130003,13
592426,Luke Jackson,High,-0.15341629928117015,10
664776,Jake Cousins,High,-0.9196406833073582,5
669796,Jose Hernandez,Low,-0.231379208829133,18
608349,Corey Knebel,Low,-0.1763783008057942,10
656464,Kevin Ginkel,Medium,0.00018650443825426292,76
687330,Kevin Kelly,Low,-0.25463936348547345,42
669395,Dylan Coleman,Medium,-0.1308304128862271,43
542882,Matt Andriese,Medium,0.0624111554599033,17
640448,Kyle Finnegan,Low,-0.016507379078415596,84
621348,Sam Clay,High,-0.372193187881211,6
607455,Anthony Banda,High,0.5405481676785594,7
605154,John Brebbia,High,-0.18661867613120567,7
518617,Jake Diekman,Medium,-0.07170002130258465,130
592094,Jason Adam,High,0.3516956255363531,14
622098,Drew Smith,Medium,-0.06022598620897523,88
641582,Matt Foster,Medium,0.026783600880251657,47
592741,Chasen Shreve,Medium,0.0563233461913027,56
501925,Joe Smith,Medium,0.17552338966136258,14
664776,Jake Cousins,Low,-0.02881869602009246,20
682842,Abner Uribe,Medium,0.04879360921156873,19
640444,Wil Crowe,Medium,-0.0508954933624773,31
681911,Alex Vesia,Low,0.05625562353642275,81
676684,Will Vest,Medium,0.05395024270762976,98
596112,Robert Stephenson,Low,0.08692586252664311,72
502624,Chase Anderson,Medium,-0.13885491868185795,15
643377,Griffin Jax,High,-0.12231696092894495,12
641627,Trevor Gott,Low,-0.12148118968699932,37
687863,Porter Hodge,Low,-0.289203883992478,16
519043,Matt Moore,High,0.131517115884868,15
592858,Rowan Wick,Low,0.26907599168632,20
642121,Cole Sulser,Low,-0.04863344461182554,28
592155,Cam Booser,High,-0.02914207362105496,6
676760,Ron Marinaccio,Low,-0.09981751792266343,17
523260,Joe Kelly,Low,0.03655103357653283,65
689225,Beau Brieske,High,-0.08107943421062405,7
503569,Rafael Dolis,Medium,-0.029237932093322844,19
622075,Yency Almonte,High,0.1270341269890906,5
544365,Manny Banuelos,Medium,-0.015984334045833617,22
642397,Gregory Soto,Low,0.05191236377932569,95
608716,Drew Steckenrider,Medium,0.268174646521004,35
680704,Nick Sandlin,Medium,0.07692592539880963,120
623465,Evan Phillips,Medium,-0.05069698450138937,98
656464,Kevin Ginkel,High,-0.2983179312410554,14
623451,Jackson Stephens,Medium,0.06478656913981595,20
681806,Andrew Wantz,Low,0.031291024294340275,10
664123,Scott Effross,Medium,-0.12552320886557147,35
687330,Kevin Kelly,Medium,0.14830057403851424,70
695243,Mason Miller,Low,0.04310721156170594,16
664199,Taylor Clarke,Medium,-0.022286235985369846,87
572955,Pierce Johnson,Medium,-0.030805918793897085,96
573124,Taylor Rogers,High,-0.13250611662395886,14
621052,Alex Reyes,Low,-0.21652795271372494,16
676092,Collin Snider,High,0.15022872439532314,7
605177,Andrew Chafin,Low,0.09534015084082353,120
663568,Stephen Kolek,High,0.16144275335154532,5
676395,Robert Garcia,Medium,-0.09563455285233818,55
641871,Keynan Middleton,Medium,-0.06890428818028731,43
661383,Oliver Ortega,Low,0.007955960534273585,9
669912,Kirby Snead,Medium,-0.05318851240291088,18
503449,Wily Peralta,Low,-0.04962748457172772,8
666214,Joey Wentz,Low,0.39981254658721826,12
686839,Brendan White,Low,-0.2485879629629417,7
518489,Ryan Brasier,Medium,-0.11303845897486987,67
542914,Anthony Bass,High,-0.17722235325509164,7
571656,Buck Farmer,High,-0.27606584614866175,19
681892,Kody Funderburk,Medium,0.04955312623878191,15
657508,Mike Baumann,Low,0.014712147280545746,31
666168,Mason Thompson,Medium,-0.002456081225315327,27
664208,Phil Maton,Low,0.10152160690034281,76
572193,Ryan Tepera,Medium,0.06839000874463898,71
543339,Daniel Hudson,High,0.17853853579132326,6
613534,Austin Adams,High,-0.012357592772531234,5
676714,Brandon Hughes,Low,0.008523344703666188,12
641656,Ian Hamilton,Medium,-0.07416997261650855,23
663568,Stephen Kolek,Medium,-0.12647517394483443,23
656222,Jalen Beeks,Low,0.3859353300065401,18
676760,Ron Marinaccio,High,0.20103096845685348,11
641656,Ian Hamilton,Low,0.17670120637824027,9
663765,Jake Woodford,Low,0.14590318435368083,7
641386,Ben Bowden,Low,0.012855804656697955,15
606625,Reyes Moronta,Low,-0.03776291651290649,10
518813,Greg Holland,Medium,-0.029971538641268225,32
695243,Mason Miller,Medium,0.0181668145914351,32
657585,Reed Garrett,Low,0.5788146686904895,15
592390,Heath Hembree,Low,0.08248889065445691,18
547184,Michael Kelly,Medium,0.07350045093797443,15
666745,Jhony Brito,Medium,-0.03587831445560994,15
542888,Shawn Armstrong,Medium,-0.4031748616426209,15
669093,Jeremiah Estrada,Medium,0.11363141814080846,32
518617,Jake Diekman,Low,0.14126298503879378,88
668674,Lucas Erceg,Low,-0.09009022136303566,33
518886,Craig Kimbrel,Medium,-0.0017908549808656117,145
606160,Rafael Montero,Low,0.16029245913081058,67
607572,Sam Howard,Low,0.2232437523931272,15
544365,Manny Banuelos,Low,-0.1368238020644507,9
543272,Brad Hand,Low,0.009757161535920355,62
613534,Austin Adams,Medium,0.003935204220086556,52
658648,Pedro Avila,Low,0.05897197263357867,10
596133,Luke Weaver,High,0.06248163762367552,14
605121,Justin Anderson,Medium,-0.15278174929611588,32
664294,Dauri Moreta,Low,0.2397547104725576,23
607179,Jordan Weems,Low,0.020058256409077404,28
592229,Dylan Covey,Medium,0.017706227233296963,13
641793,Zack Littell,Low,-0.16556189994751327,23
664918,Kyle Keller,Medium,-0.1822328867276458,14
640451,Hunter Harvey,Low,-0.06329386233687972,35
573124,Taylor Rogers,Medium,0.042285163821779874,118
663542,Bryan Hudson,Low,0.041640194753258676,12
676051,Codi Heuer,Low,0.19800004492034765,26
647315,Zach Pop,High,0.10853012708382152,5
519151,Ryan Pressly,Low,-0.0202851846927371,111
663878,Nate Pearson,High,0.1571837364255316,5
681911,Alex Vesia,High,-0.013974552221872964,13
622250,Josh Sborz,High,-0.16286239516998985,11
669684,Chris Murphy,Low,0.4687193243466311,5
571948,Hoby Milner,Low,0.12762126969280083,63
663460,Kris Bubic,Low,0.2777605843230795,8
670950,Trevor Richards,Low,0.020036200646160823,27
607481,Aaron Bummer,High,-0.033355483695561364,10
571946,Shelby Miller,High,-0.5958194739743021,5
671345,Jason Foley,High,0.28348075113503624,5
607572,Sam Howard,Medium,-0.0654861364780634,30
641755,Tyler Kinley,High,0.09489236653671974,18
521230,Liam Hendriks,High,-0.01547947271628455,14
664875,Justin Lawrence,Low,0.07105400285718133,38
657044,Ryan Thompson,Medium,0.026592993815102703,92
570663,Hansel Robles,Low,-0.07233202985647295,20
656945,Tanner Scott,Medium,0.021334426056108552,169
433589,Yusmeiro Petit,Low,-0.10750289438172445,20
681982,Grant Anderson,Low,0.04522291082152918,6
621074,Michael Rucker,Low,0.037034868920222855,27
669424,Jimmy Lambert,Medium,0.11305148699232266,19
628452,Raisel Iglesias,Medium,0.05257218615827645,134
661527,Seth Martinez,High,0.3923920911423331,11
675627,Michael Grove,Low,0.1710266544422361,11
641582,Matt Foster,Low,-0.04770367778985388,33
608723,Austin Voth,High,0.1526666272324119,13
621366,Ryan Borucki,Medium,0.07629258154877468,17
664076,Garrett Cleavinger,Low,-0.30107672063985175,23
656641,Jacob Latz,Low,0.25976744782996186,15
663542,Bryan Hudson,Medium,-0.013712677564574104,26
670167,John Schreiber,Medium,0.03162822493276169,107
668674,Lucas Erceg,Medium,0.08722882011990259,67
695243,Mason Miller,High,-0.2542106903828369,5
642152,Lou Trivino,Medium,-0.03444257156600692,80
663773,Bryan Hoeing,Low,-0.06335936284614392,11
519151,Ryan Pressly,Medium,0.027404353881057934,112
592767,Drew Smyly,Medium,0.07356873726789545,29
621074,Michael Rucker,Medium,-0.03643763899943427,38
542882,Matt Andriese,Low,0.04353470937617606,12
571656,Buck Farmer,Low,0.10111065254730911,49
642232,Ryan Yarbrough,Medium,0.21226914478354178,21
500610,Deolis Guerra,Medium,-0.005715718752353138,27
607625,Seth Lugo,Medium,-0.04901121410350061,63
669618,Joe Barlow,Low,0.0005770155770253243,18
453192,Andrew Miller,Medium,-0.5001397368064223,18
642758,Domingo Acevedo,Low,0.13271112221114692,20
642083,Aaron Slegers,Low,0.2552928179820967,10
661383,Oliver Ortega,Medium,-0.17101647388474378,13
666205,Kyle Muller,Medium,-0.03481829994954353,15
667463,John King,Low,0.06695099338940172,60
643377,Griffin Jax,Low,0.13965393531092504,69
608717,Chris Stratton,Low,-0.05575904407456016,65
656794,Sean Newcomb,Low,0.032914669422614416,12
663893,Brendon Little,Medium,-0.09578965653074202,23
573668,Juan Minaya,High,0.12361815260507332,6
670036,Matt Festa,Low,0.0012633222040960845,22
571863,Matt Koch,Medium,0.044511345154512175,21
669387,Carmen Mlodzinski,Low,0.6787354856472376,8
622075,Yency Almonte,Medium,-0.02527606709478877,68
617228,Hirokazu Sawamura,Medium,0.018668268740786444,53
669674,Sam Long,High,-0.08647079286337203,5
542960,Brad Brach,Medium,-0.022837007079689563,17
592094,Jason Adam,Medium,0.011738216712098928,109
668338,Tyson Miller,Low,0.14803004351616308,20
592761,Caleb Smith,Low,0.004862612956603445,9
673513,Yuki Matsui,Medium,-0.025926884390136455,34
547973,Aroldis Chapman,High,-0.37162947895797704,11
641703,Brent Honeywell,Low,-0.09018424999917632,15
608328,Chase De Jong,Medium,-0.04841993205954095,24
621348,Sam Clay,Low,-0.005367162599311955,22
656061,Albert Abreu,Medium,-0.03952429560188945,59
543022,Tyler Chatwood,Low,-0.25946540788646644,5
664948,Anthony Misiewicz,Low,0.03050812760426341,34
670059,Colin Holderman,Medium,0.03623793650704386,55
677053,Andrew Nardi,Medium,0.03152367464125369,78
676477,Garrett Whitlock,Medium,0.11110702373753156,29
663485,Cole Sands,Medium,0.01761456969419433,33
656322,Sam Coonrod,Low,-0.17507864099421036,12
643511,Tyler Rogers,Low,-0.10357924047302357,95
670167,John Schreiber,High,0.09852581280344148,14
607560,Ryne Harper,Low,0.07479106800765578,16
592390,Heath Hembree,Medium,-0.12589558489178784,30
621363,Colin Poche,High,-0.36833922157990173,5
642083,Aaron Slegers,Medium,-0.21478239274064492,16
607216,Joey Krehbiel,Low,0.5026381593352324,25
650960,Daniel Duarte,Low,0.17474365996136498,10
681869,Shawn Dubin,Medium,-0.2738888544137202,15
693312,Kyle Nicolas,Low,0.12823800383485315,13
656222,Jalen Beeks,High,-1.0449201317831354,10
669459,Kyle Nelson,Medium,0.03511180193772454,44
676477,Garrett Whitlock,Low,-0.2945457471765805,13
476595,Lucas Luetge,Medium,0.013985230363685798,63
656945,Tanner Scott,High,0.0465226455003912,39
607625,Seth Lugo,Low,-0.08417439041826293,36
543056,Danny Coulombe,Low,0.016509890564531914,40
592858,Rowan Wick,High,-0.14419382877100162,10
592761,Caleb Smith,Medium,0.03496698782541533,21
650895,Diego Castillo,High,-0.5050369400714174,5
605130,Scott Barlow,High,0.11457643307430918,33
544727,Jeurys Familia,Medium,-0.12254411495273697,68
663546,Sean Hjelle,Medium,-0.08211076750556329,35
669060,Bryse Wilson,High,0.19792282946744777,8
622092,Kyle Zimmer,Low,-0.019834326784321378,10
666808,Camilo Doval,Low,-0.34563066784293944,57
670955,Edwin Uceta,Medium,0.1084994375327284,18
595465,Dan Winkler,Medium,0.07885861369471142,29
641871,Keynan Middleton,Low,0.10012489422783194,37
594577,Mike Mayers,Low,0.01582756610683514,19
605280,Clay Holmes,Low,-0.028371596034175283,86
669424,Jimmy Lambert,High,0.01259995022500012,6
623474,Jimmy Herget,Medium,-0.09426963825646899,33
663559,Bailey Falter,Low,0.10775002830721785,9
570666,Luis Cessa,Medium,0.20988394988846307,22
676534,Calvin Faucher,High,-0.6249883630481406,5
554431,Tyler Matzek,Low,0.11331943456836377,40
680767,Victor Vodnik,Medium,0.0967834347025357,34
605488,Jeffrey Springs,Low,-0.007418655193043201,9
445276,Kenley Jansen,Medium,0.05250562241694264,112
621383,Tanner Banks,Low,-0.2514905671075276,12
623149,Paul Sewald,High,0.029368703391462032,33
605151,Archie Bradley,High,-0.13795151195845637,7
595014,Blake Treinen,Low,-0.13182559784716613,46
606160,Rafael Montero,High,-0.19619368793726627,15
670059,Colin Holderman,Low,-0.07349939618822943,45
605447,Jordan Romano,Medium,-0.05542420931288239,107
570663,Hansel Robles,High,0.2496807383821391,7
641682,Ryan Hendrix,Medium,0.09073295985062775,12
656464,Kevin Ginkel,Low,0.1040569175016877,40
628708,Yunior Marte,Low,0.05767631542935666,26
489334,Craig Stammen,Medium,-0.09017112311647285,18
670167,John Schreiber,Low,-0.1058573654900736,45
650828,Edgar Santana,Medium,0.03659478466634128,17
666808,Camilo Doval,Medium,0.09437144369072464,108
623474,Jimmy Herget,Low,0.3427021533534802,8
664849,Danny Young,Low,-0.059197988796089805,19
476595,Lucas Luetge,High,0.3803734781811438,12
622251,Josh Staumont,Medium,0.04438913569990539,59
621381,Matt Strahm,Medium,-0.09271990703936499,58
543507,Trevor May,High,0.14818158585030689,5
596133,Luke Weaver,Medium,0.013067382421658577,48
571656,Buck Farmer,Medium,0.0020773507286391585,140
686539,Declan Cronin,Medium,-0.19145651111287576,25
622088,Tejay Antone,Low,-0.22793407128932586,6
657097,Jacob Webb,Low,0.05240556559331206,30
641793,Zack Littell,Medium,0.08381419138436086,64
664126,Pete Fairbanks,Medium,-0.05108016123157005,71
606965,Chris Devenski,Low,-0.04119041606542027,10
675916,James Karinchak,High,0.06531149223481236,21
628452,Raisel Iglesias,High,0.18712338554082789,11
573009,Joe Mantiply,Low,0.07926686108767836,97
676714,Brandon Hughes,High,-0.3377538628423419,7
688297,Chris Roycroft,Low,-0.011194691432874512,6
681892,Kody Funderburk,Low,-0.34765528254798045,6
640444,Wil Crowe,High,-0.17401272247900673,15
668868,Zack Thompson,Medium,0.1301870220422927,10
503449,Wily Peralta,High,-0.382165534716043,5
686747,Joe La Sorsa,Low,-0.056807177279354124,13
502202,Brad Boxberger,Low,0.4065461216063847,43
656353,Tucker Davidson,Medium,0.1270884888833293,19
660813,Brusdar Graterol,Low,0.09671796467270236,53
657585,Reed Garrett,High,-0.821074723350217,6
681806,Andrew Wantz,High,0.6364257794085006,5
605242,Michael Fulmer,Medium,-0.055074134360460616,84
521230,Liam Hendriks,Medium,-0.007011750292834568,66
656641,Jacob Latz,Medium,-0.11994651982630973,26
622098,Drew Smith,High,0.08204642892938334,6
656945,Tanner Scott,Low,-0.086030177428539,63
680767,Victor Vodnik,High,0.07126902487125518,14
622092,Kyle Zimmer,Medium,-0.005314488878125424,33
666374,Matt Brash,High,0.11467394630222572,10
608718,Brent Suter,Low,-0.01229761412320694,52
545343,Louis Head,Medium,0.04001819105933955,11
693312,Kyle Nicolas,High,-0.060819518747550205,8
606930,Jacob Barnes,Low,-0.34141492408828356,8
676534,Calvin Faucher,Medium,-0.14425166672681733,36
683627,Anthony Molina,Medium,-0.05853023446788838,17
663432,Tanner Rainey,High,0.46935794449368873,5
650530,Bryan Garcia,Low,-0.08523971053382143,18
642152,Lou Trivino,High,-0.1710275307397552,10
670955,Edwin Uceta,Low,0.018823242887900653,7
665625,Elvis Peguero,Medium,0.04200192246293215,66
643493,Austin Pruitt,High,-0.07148878082701467,7
622250,Josh Sborz,Medium,0.07417833835654913,58
689225,Beau Brieske,Medium,0.058927704879137205,9
669060,Bryse Wilson,Low,0.06777302212468518,15
623149,Paul Sewald,Low,0.034042792882430374,71
701643,Grant Hartwig,High,0.1935241165035791,5
647315,Zach Pop,Medium,-0.029822479147190783,80
612434,Miguel Castro,Low,0.10301022508168765,45
664139,Ian Gibaut,Medium,0.08175265230871774,73
573668,Juan Minaya,Low,-0.013256084269166024,6
502624,Chase Anderson,High,-0.02960926170059395,5
623433,Nick Anderson,Low,-0.004718590719349943,28
669276,Dylan Lee,Low,0.09109069347813689,46
656232,Brandon Bielak,Low,0.439619972747987,7
622503,Nabil Crismatt,High,0.10395385598877382,16
455119,Chris Martin,Low,0.05804735785956518,108
621052,Alex Reyes,Medium,-0.08702744260309023,31
548384,Brooks Raley,Low,-0.05339649939607541,77
664854,Ryan Helsley,High,-0.11845613253225551,8
661403,Emmanuel Clase,High,-0.1499789166706601,15
608717,Chris Stratton,High,-0.008645087589101407,40
686826,Bryce Jarvis,High,-0.3016603265319096,15
445276,Kenley Jansen,Low,-0.09346373417280114,112
571479,Andrew Bellatti,Low,-0.06934640895163753,20
641302,Tyler Alexander,High,0.5829911165719466,5
623437,Justin Topa,Low,0.22464580574172288,24
605447,Jordan Romano,Low,0.06884300654317493,67
542960,Brad Brach,Low,-0.0980353382670687,9
656638,Alex Lange,High,-0.13604280453753453,7
543859,Michael Tonkin,High,0.07280617543716517,22
623352,Josh Hader,High,-0.3859361062867756,14
621295,Nick Wittgren,Low,0.5680337043091225,21
666619,Gregory Santos,Medium,-0.057611648223429054,40
671345,Jason Foley,Medium,-0.02173136266769256,115
666974,Yennier Cano,Medium,-0.05882653581570435,86
453343,Mark Melancon,High,-0.1922334538405579,8
650556,Bryan Abreu,Low,0.12776268442396957,59
656234,Jake Bird,Medium,0.03061106906939358,50
453178,Ian Kennedy,High,0.16921948897444375,6
456034,David Price,Medium,-0.26320776514959476,20
686826,Bryce Jarvis,Medium,0.27462189573406187,22
606160,Rafael Montero,Medium,-0.0560912909547375,139
595345,Steven Okert,Medium,0.07360646945863213,67
690829,Ben Joyce,Medium,0.022148560675340434,14
518553,Steve Cishek,High,0.12040104338410765,21
605463,Tayler Scott,Medium,0.047163699597295286,30
451584,Wade Davis,Medium,-0.03717428657604154,22
621053,Tyler Ferguson,High,0.34943543194485877,7
593619,Domingo Tapia,Low,-0.13237973484847315,5
595928,John Curtiss,Medium,-0.19444317768001837,25
458708,Josh Tomlin,Low,0.10465108978910546,13
673929,Jordan Leasure,Low,0.12788759420654472,8
606965,Chris Devenski,Medium,-0.0582099481206626,21
663986,Trevor Stephan,High,0.0903563025253199,27
622075,Yency Almonte,Low,0.02167203855000082,50
641394,Jake Brentz,Low,-0.07085698399100256,13
518617,Jake Diekman,High,-0.15550699570387252,20
663546,Sean Hjelle,Low,0.3121089068079684,10
605538,Matt Wisler,Low,0.48335275835276004,13
605538,Matt Wisler,Medium,-0.2296939988116465,17
669684,Chris Murphy,Medium,-0.09240370893799792,10
607755,Andrew Vasquez,Low,0.07058314234784936,11
571882,Derek Law,Medium,-0.08506492872378756,35
682842,Abner Uribe,Low,0.09104795764460505,7
489334,Craig Stammen,Low,0.12485232431507362,13
656793,Nick Nelson,Medium,-0.07315971362650257,27
592454,Tommy Kahnle,Low,0.16595614663625102,33
641360,Phil Bickford,High,0.20845968052835825,28
453265,Tony Watson,Medium,0.024488005403280715,35
642048,Tayler Saucedo,Medium,-0.04059710317198643,47
641360,Phil Bickford,Low,-0.05981922834637713,48
676714,Brandon Hughes,Medium,0.07068740323285594,32
657508,Mike Baumann,Medium,-0.06508065942373818,69
643338,Chad Green,Medium,-0.01801200871620609,66
458677,Justin Wilson,Low,-0.06872522681271075,52
663878,Nate Pearson,Low,0.09400974516731253,32
657024,Erik Swanson,Medium,-0.04274381372050009,126
663423,Trent Thornton,High,0.2802281860796297,7
641771,Chad Kuhl,Medium,0.08280096904440919,17
663423,Trent Thornton,Medium,0.07866198962805605,83
669622,Anthony Bender,Low,-0.014639101122480014,40
657031,Josh Taylor,Low,-0.0033284634085106292,35
667427,Zach Jackson,Medium,-0.06769180579632443,30
519293,Will Smith,Medium,-0.006635904529760216,122
656529,Sam Hentges,Low,0.014802052815067204,34
448855,Junior Guerra,Low,-0.20939211415428596,6
656529,Sam Hentges,Medium,0.03062178796864269,69
628708,Yunior Marte,High,0.04067278198127471,9
622503,Nabil Crismatt,Medium,-0.12419681733747723,39
661403,Emmanuel Clase,Low,0.10193087447354846,101
542888,Shawn Armstrong,Low,-0.17426740411600658,7
453284,Blake Parker,Low,0.24195489265256553,13
608723,Austin Voth,Low,0.09899244336516588,44
664875,Justin Lawrence,High,-0.07429679846115811,23
642048,Tayler Saucedo,Low,0.024754871028340973,51
656232,Brandon Bielak,Medium,-0.07010577582139711,18
666214,Joey Wentz,Medium,-0.09749435433879938,24
675916,James Karinchak,Low,-0.09730387812677155,34
656629,Michael Kopech,High,0.25638387123853573,6
656546,Jeff Hoffman,High,0.129508758153964,12
593833,Wander Suero,High,-0.21266507321055883,5
667427,Zach Jackson,High,0.7908735301405272,5
640451,Hunter Harvey,Medium,0.026863529681117233,90
676684,Will Vest,Low,-0.13759821120508872,44
453284,Blake Parker,Medium,-0.09290078738168717,28
669618,Joe Barlow,Medium,-0.0006924186924104939,15
669212,Eli Morgan,Low,0.026283060664669122,48
518813,Greg Holland,Low,0.09165009722898991,17
670174,Josh Winckowski,High,-0.043868996156163576,13
542914,Anthony Bass,Low,0.0667304589599264,54
701643,Grant Hartwig,Medium,-0.04667527385146286,15
445926,Jesse Chavez,High,-0.0010580265388085764,10
445926,Jesse Chavez,Low,0.04206854143598324,37
608717,Chris Stratton,Medium,0.028157030981598333,141
621053,Tyler Ferguson,Low,0.03604722449649752,14
656061,Albert Abreu,High,0.2062276439277353,16
642207,Devin Williams,Low,-0.06891435293189017,70
642152,Lou Trivino,Low,0.10632573887321616,42
669622,Anthony Bender,High,-0.1406509961204326,9
676254,Ryan Walker,High,-0.38129399200507097,10
641501,Tyler Danish,Low,-0.051652653990914864,12
702352,Spencer Bivens,Medium,-0.03922212956727833,16
543339,Daniel Hudson,Medium,-0.007058650967786255,63
503449,Wily Peralta,Medium,0.17752673462717894,13
502085,David Robertson,Low,-0.014662987161262908,64
544727,Jeurys Familia,High,-0.28000782527406043,5
640448,Kyle Finnegan,High,-0.03656701713312071,29
642207,Devin Williams,High,0.15811644972093486,16
679885,Justin Martinez,High,0.09177821321775477,14
545343,Louis Head,Low,0.24253895578105755,8
663485,Cole Sands,High,-0.3799783562688557,8
493603,Adam Ottavino,Medium,-0.015914452529032733,146
608718,Brent Suter,Medium,0.07090788357342588,97
663855,Jordan Hicks,Low,-0.06406479720883629,21
628452,Raisel Iglesias,Low,-0.08669552558247698,105
598286,Nick Ramirez,Medium,-0.19128589774425503,18
521230,Liam Hendriks,Low,0.015442912212576683,44
664776,Jake Cousins,Medium,0.13268147017789636,39
676979,Garrett Crochet,Low,0.0222014753423964,26
686539,Declan Cronin,High,-0.1547297436079352,6
663986,Trevor Stephan,Medium,-0.0927362413777229,97
608335,Kyle Funkhouser,Medium,0.09450661470455278,30
607179,Jordan Weems,Medium,0.06181618300065139,74
681911,Alex Vesia,Medium,-0.03365412559666794,130
688297,Chris Roycroft,Medium,0.2116694356536383,13
571946,Shelby Miller,Medium,0.008840256820917271,43
671922,Cade Smith,High,0.6644392796292369,8
523260,Joe Kelly,High,0.4079850686013297,6
664918,Kyle Keller,High,-0.4776206474480347,5
518553,Steve Cishek,Low,-0.06609553340840892,28
621383,Tanner Banks,Medium,0.13656913738924625,17
643316,Paul Fry,Low,0.11904360219047543,18
448855,Junior Guerra,Medium,0.27118640505360264,18
669387,Carmen Mlodzinski,Medium,-0.0646312097488682,20
608371,Lucas Sims,Low,-0.02685857623884251,61
617228,Hirokazu Sawamura,High,-0.23633727145674518,6
664126,Pete Fairbanks,Low,0.03499937091558237,57
675916,James Karinchak,Medium,0.023057029992606493,84
624522,Keegan Thompson,Low,0.012053300324652128,6
458708,Josh Tomlin,Medium,-0.05890660786260428,14
664208,Phil Maton,Medium,-0.012517194426212522,104
621366,Ryan Borucki,Low,-0.09264099188059507,14
656793,Nick Nelson,High,0.06299372224294757,5
621381,Matt Strahm,Low,0.11614040308349428,53
669438,Mason Englert,Medium,0.04883484570984109,16
656685,Brett Martin,Low,-0.09021654444822448,52
666808,Camilo Doval,High,0.3067365209177386,31
592741,Chasen Shreve,High,0.011071323135700103,6
543859,Michael Tonkin,Medium,-0.07098504298356045,54
642100,Gabe Speier,Low,-0.029008886170891406,37
622772,Jimmy Cordero,Medium,-0.038578166537073105,13
543766,Bryan Shaw,Low,-0.03984671459161132,43
608648,Tyler Duffey,Medium,0.07861051189049131,66
519326,Hunter Strickland,Low,0.2752045605865313,53
608371,Lucas Sims,Medium,0.03317487042668562,93
592155,Cam Booser,Medium,0.23095284822696627,20
664208,Phil Maton,High,-0.45813242172121804,14
621248,Ralph Garza,Low,-0.13063205226144703,10
672582,Angel Zerpa,Low,0.20322397344711673,26
518886,Craig Kimbrel,High,-0.22500403372286526,19
570666,Luis Cessa,Low,-0.1944596119929748,27
596112,Robert Stephenson,Medium,-0.07773991454039297,88
687330,Kevin Kelly,High,0.03138130836936455,10
542947,Richard Bleier,Medium,-0.15959266158411275,62
608718,Brent Suter,High,-0.311929438610823,20
622253,Dillon Tate,Low,0.44817187495893285,55
502624,Chase Anderson,Low,0.31869572696154436,7
669387,Carmen Mlodzinski,High,-0.8274519380401785,5
663574,Tony Santillan,Low,0.31140594931703164,5
640470,Adbert Alzolay,Low,-0.3828509751191531,18
664139,Ian Gibaut,High,0.12966136259614558,6
656234,Jake Bird,High,0.04370030900396671,6
622772,Jimmy Cordero,Low,0.1324552105935853,13
621053,Tyler Ferguson,Medium,-0.1180283666625445,25
642701,Dennis Santana,Low,0.0038439530762334343,53
547973,Aroldis Chapman,Medium,-0.053683816964771626,132
621051,Steven Wilson,High,-0.09812287385479253,11
623437,Justin Topa,Medium,-0.13007431715592097,42
605154,John Brebbia,Medium,0.07434851613850994,37
650895,Diego Castillo,Medium,-0.008917477130289873,67
573204,Caleb Thielbar,High,-0.04464919153321887,10
683232,Nick Mears,Low,-0.0012898829253102536,17
622065,Alex Young,Low,0.14656289547204557,36
673929,Jordan Leasure,Medium,-0.05824564078601639,20
453265,Tony Watson,Low,0.030436112851387778,22
663423,Trent Thornton,Low,-0.235848401157924,36
686580,Justin Slaten,Low,0.3996285957333801,15
661440,Mauricio Llovera,Medium,0.1023536181154365,15
682171,Penn Murfee,Low,-0.14393808695062849,15
642130,Blake Taylor,Low,-0.0610491210777144,25
681676,Ryan Fernandez,Medium,0.2391639691288071,29
621295,Nick Wittgren,Medium,-0.23266526004740706,35
679885,Justin Martinez,Low,-0.009731893738778407,13
543022,Tyler Chatwood,Medium,0.1924720063392745,23
605121,Justin Anderson,High,0.23796404862659026,11
664849,Danny Young,Medium,0.09737821208159593,15
665625,Elvis Peguero,Low,0.029223537205609773,35
669211,Keegan Akin,Medium,-0.06559574992039369,58
500610,Deolis Guerra,Low,-0.1350116935352607,15
641302,Tyler Alexander,Low,-0.20280177276945643,8
656353,Tucker Davidson,Low,-0.2611886062239971,14
641755,Tyler Kinley,Medium,-0.09925325366529658,85
663878,Nate Pearson,Medium,-0.06898600959060042,55
592773,Ryne Stanek,High,0.3165828398264058,11
675627,Michael Grove,Medium,0.0316704803133273,22
518886,Craig Kimbrel,Low,0.052123570263921885,87
592858,Rowan Wick,Medium,-0.12708327567800978,31
600986,Thyago Vieira,High,-0.18971609510757048,7
683627,Anthony Molina,Low,0.12463094943873253,11
657024,Erik Swanson,Low,0.07727293569112342,71
657265,Peter Strzelecki,Low,0.07552231747968412,14
607625,Seth Lugo,High,0.8739977919399016,7
543507,Trevor May,Medium,0.057448788461936066,70
552640,Andrew Kittredge,Medium,-0.15692190910938017,39
605177,Andrew Chafin,High,-0.0658971388330561,6
656685,Brett Martin,Medium,0.05659001009451943,62
667463,John King,Medium,-0.030852365183183492,88
689147,Orion Kerkering,Medium,-0.0073717706348749605,44
642232,Ryan Yarbrough,Low,-0.0586755461776792,11
621389,Ty Blach,Medium,0.004580701231544637,16
571710,Mychal Givens,Medium,-0.16997734315238366,64
682120,Tim Herrin,Medium,0.1868668633514261,41
573124,Taylor Rogers,Low,-0.033704986002512045,93
656730,Trevor Megill,Low,-0.009207858513031684,46
554431,Tyler Matzek,Medium,-0.04022967510167171,66
641394,Jake Brentz,Medium,-0.000335103034317945,51
465657,Joakim Soria,Medium,-0.033983387787735665,23
642397,Gregory Soto,High,0.2781371271546588,22
664199,Taylor Clarke,High,0.4070413155368082,17
543859,Michael Tonkin,Low,0.10142983915878677,22
688297,Chris Roycroft,High,-0.44742241915000847,6
592426,Luke Jackson,Low,0.035799893335474994,53
595345,Steven Okert,High,0.18600107738268434,6
493603,Adam Ottavino,High,0.00009716363983535025,18
545343,Louis Head,High,-0.39675195798353496,6
572143,Burch Smith,Medium,-0.06648882954817878,50
622251,Josh Staumont,Low,-0.14329510754472072,33
448281,Sean Doolittle,Medium,-0.2757540293811052,27
622092,Kyle Zimmer,High,0.053388771545915654,7
606149,Giovanny Gallegos,Medium,0.009188174385182723,93
673513,Yuki Matsui,Low,-0.027963443963460694,24
670280,David Bednar,Medium,0.0021702406889175614,141
656322,Sam Coonrod,Medium,0.12607378752500956,23
701643,Grant Hartwig,Low,-0.04458191245772506,6
664875,Justin Lawrence,Medium,-0.010012381252191848,99
607455,Anthony Banda,Low,-0.4074605897954919,17
642207,Devin Williams,Medium,0.024668188276313806,93
623451,Jackson Stephens,Low,-0.07621949310569509,17
592767,Drew Smyly,Low,-0.3475130271014822,11
642100,Gabe Speier,Medium,0.03577762627738489,30
573009,Joe Mantiply,Medium,-0.11269992638689003,89
656322,Sam Coonrod,High,-0.15975068422876007,5
671922,Cade Smith,Low,-0.13695008072206563,17
669395,Dylan Coleman,High,-0.13851524855040034,6
489446,Kirby Yates,High,-0.26580805458385964,6
676534,Calvin Faucher,Low,0.8318001817403996,10
650828,Edgar Santana,Low,-0.028277788151282447,22
592229,Dylan Covey,Low,-0.022532688524012637,13
656629,Michael Kopech,Low,-0.15147343590650805,20
669711,Greg Weissert,Medium,-0.1446687430232577,36
596057,Daniel Norris,Low,-0.16750706000320187,27
669711,Greg Weissert,Low,0.20219572711241235,19
656793,Nick Nelson,Low,0.12771874282317042,13
664294,Dauri Moreta,High,-0.06835772494621851,7
607481,Aaron Bummer,Medium,-0.02522741667152368,98
613534,Austin Adams,Low,-0.0031052751213030538,46
572955,Pierce Johnson,Low,0.06898813936999086,60
518553,Steve Cishek,Medium,-0.007530521951468138,90
608678,Dominic Leone,Medium,0.07245068356840292,59
605447,Jordan Romano,High,0.1882727082979057,7
641386,Ben Bowden,Medium,-0.04634419820266969,21
666745,Jhony Brito,Low,0.023441364523815116,7
668868,Zack Thompson,Low,-0.12243442295195767,9
518397,Scott Alexander,Medium,-0.03051369301941221,19
608335,Kyle Funkhouser,Low,-0.06695479781479996,8
489265,Sergio Romo,Medium,0.0864114898484315,35
669270,Joel Kuhnel,Low,0.246251682190195,12
595345,Steven Okert,Low,-0.10609894593021402,57
621114,Ryan Burr,Low,-0.15109294778163948,9
664294,Dauri Moreta,Medium,-0.08834832046046272,57
672582,Angel Zerpa,Medium,-0.10690703386394822,29
669093,Jeremiah Estrada,Low,-0.17565708940428024,20
669212,Eli Morgan,High,-0.07561433084260898,10
663485,Cole Sands,Low,0.1293971605390612,19
641302,Tyler Alexander,Medium,-0.12925414007037261,10
453178,Ian Kennedy,Medium,-0.00011123707212096494,59
592155,Cam Booser,Low,-0.29628030152088436,15
643511,Tyler Rogers,Medium,0.04155707877648012,169
607455,Anthony Banda,Medium,0.06162731083864932,51
621363,Colin Poche,Low,0.02399558008367194,75
666974,Yennier Cano,Low,0.26730393894969,43
656529,Sam Hentges,High,-0.3270216456935149,8
641771,Chad Kuhl,High,-0.11363789503117516,9
606149,Giovanny Gallegos,High,-0.044226877127741954,19
657097,Jacob Webb,Medium,-0.007022653331451237,109
518489,Ryan Brasier,Low,0.0936468445339198,48
670036,Matt Festa,Medium,-0.022190959564331553,24
643338,Chad Green,Low,-0.017527907165314955,37
670280,David Bednar,Low,-0.04337424074115765,76
448855,Junior Guerra,High,-0.24166684040268838,15
608371,Lucas Sims,High,-0.12057414992615634,12
608328,Chase De Jong,High,0.033991189102593466,11
571901,Aaron Loup,Medium,0.02595141254348125,95
681982,Grant Anderson,Medium,-0.016337450196627402,15
686580,Justin Slaten,Medium,-0.20554486758566617,23
453343,Mark Melancon,Medium,0.010512107081761158,59
656730,Trevor Megill,Medium,-0.016105959146231898,60
621114,Ryan Burr,Medium,-0.037805547010263674,19
542888,Shawn Armstrong,High,1.038213536207343,7
641835,Tim Mayza,Low,-0.00835866081420952,117
502706,Derek Holland,High,-0.6068312399187903,7
664918,Kyle Keller,Low,0.4939363651427314,10
681869,Shawn Dubin,Low,0.3160256012465608,13
608335,Kyle Funkhouser,High,-0.1352682387423414,17
542960,Brad Brach,High,0.1815067378226323,7
669093,Jeremiah Estrada,High,-0.017580513202704293,7
622251,Josh Staumont,High,0.1917981402438639,11
623433,Nick Anderson,Medium,-0.00028620019033133404,41
660853,Enyel De Los Santos,High,-0.26598321661202345,9
596057,Daniel Norris,Medium,0.1448428308251323,25
621074,Michael Rucker,High,0.0549555458760409,7
622503,Nabil Crismatt,Low,0.09637618728303574,33
608716,Drew Steckenrider,Low,-0.4219608077661089,22
666619,Gregory Santos,Low,0.22528939948897722,13
683769,Hunter Gaddis,Low,-0.02243121693117587,25
519293,Will Smith,Low,-0.004290105653881817,94
605280,Clay Holmes,High,0.2791134328784516,20
592222,Alex Claudio,Medium,-0.08274983358574611,22
623149,Paul Sewald,Medium,-0.026663035484798175,127
657612,Tim Hill,Medium,-0.023872825932710156,125
592222,Alex Claudio,Low,0.1441240947734741,15
669060,Bryse Wilson,Medium,-0.09285635598608469,28
572143,Burch Smith,Low,0.06252219597538418,24
622065,Alex Young,Medium,-0.029474483159343378,60
594577,Mike Mayers,High,-0.2767101693563979,9
600986,Thyago Vieira,Medium,0.04094338958762952,15
676092,Collin Snider,Low,-0.0447531118194064,30
458708,Josh Tomlin,High,-0.08929527619690465,6
621348,Sam Clay,Medium,0.08397273944542404,28
643256,Adam Cimber,Medium,0.02992692443550486,96
670280,David Bednar,High,0.21360273994206327,14
657508,Mike Baumann,High,0.28817778103875163,14
686839,Brendan White,Medium,0.09895866402118755,20
607755,Andrew Vasquez,Medium,0.018637254901959464,20
683232,Nick Mears,Medium,-0.021064181321443293,28
489446,Kirby Yates,Medium,0.02365381999945491,71
663986,Trevor Stephan,Low,0.12369424991428822,53
594987,Casey Sadler,Low,0.16225746475746838,16
623352,Josh Hader,Low,0.14339166018887858,80
502085,David Robertson,Medium,0.08566039618600925,100
572955,Pierce Johnson,High,-0.06952471517536782,17
656061,Albert Abreu,Low,-0.03336927111486824,29
657585,Reed Garrett,Medium,-0.12950936862943827,29
572143,Burch Smith,High,0.36478175479964536,5
608665,Kendall Graveman,Medium,0.005099012418313146,104
656638,Alex Lange,Low,0.08712073885643518,43
663158,Robert Suarez,Low,-0.0434026893643319,38
683769,Hunter Gaddis,Medium,0.1060000805153402,46
542914,Anthony Bass,Medium,-0.031090635671682475,76
668674,Lucas Erceg,High,-0.3190392936724496,9
669674,Sam Long,Low,0.1941275595043308,32
475479,David Phelps,Low,-0.043842771192530945,15
592426,Luke Jackson,Medium,-0.004223620395010502,86
475479,David Phelps,High,0.346026235917859,6
647315,Zach Pop,Low,0.03291335172066618,56
605194,Jharel Cotton,Medium,0.03524873245326979,31
686539,Declan Cronin,Low,0.2597632381577707,22
668338,Tyson Miller,Medium,-0.06816788301264692,33
605177,Andrew Chafin,Medium,-0.08562352920851923,129
622098,Drew Smith,Low,0.11725873689783008,41
676680,Tom Cosgrove,Low,-0.01123837771918564,15
669211,Keegan Akin,High,-0.22856747423717252,10
571521,Rex Brothers,Low,-0.06475532013686376,20
593974,Wandy Peralta,High,0.49494338521238845,7
661440,Mauricio Llovera,High,-0.24353431397137135,9
621051,Steven Wilson,Low,-0.038925830101254895,43
571670,Dylan Floro,Low,-0.1387368232706639,93
624522,Keegan Thompson,Medium,-0.0045199876217578705,16
669711,Greg Weissert,High,0.2732711867405044,5
593974,Wandy Peralta,Medium,-0.05386087916858762,111
605463,Tayler Scott,High,-0.09402795219633475,12
641401,Connor Brogdon,Low,0.30611406400446095,42
659275,Dinelson Lamet,Medium,0.2197457191219948,13
660853,Enyel De Los Santos,Low,0.01740855716482041,78
571863,Matt Koch,Low,0.058629921195280696,13
663158,Robert Suarez,High,0.4837203101312923,5
607237,Amir Garrett,Medium,-0.033886207305632125,57
572193,Ryan Tepera,Low,-0.10841746849433509,48
676265,Cory Abbott,Medium,0.05006305592115594,11
656271,Brock Burke,High,-0.12760283300693537,14
667297,Tommy Nance,Medium,-0.046288875155515156,22
667297,Tommy Nance,Low,0.06121010561001425,9
621052,Alex Reyes,High,0.3081148982057854,20
622253,Dillon Tate,Medium,-0.3634012999172717,90
543766,Bryan Shaw,Medium,-0.0012414076730270975,97
519326,Hunter Strickland,High,0.028148047822196532,20
664139,Ian Gibaut,Low,-0.2594581459274662,26
607560,Ryne Harper,Medium,-0.07526732845698932,11
612434,Miguel Castro,Medium,-0.04443586491612516,86
605280,Clay Holmes,Medium,-0.020272976765333933,155
669424,Jimmy Lambert,Low,-0.3176539934577412,7
607359,Spencer Patton,Medium,-0.05754128517201615,26
605194,Jharel Cotton,Low,-0.11740938010790879,11
656257,Jeff Brigham,Low,-0.03591687981777309,9
669276,Dylan Lee,Medium,-0.07631031569459747,43
670059,Colin Holderman,High,0.13143863205845321,10
606965,Chris Devenski,High,0.32686261423760643,5
489446,Kirby Yates,Low,-0.001966811452505649,43
643377,Griffin Jax,Medium,-0.06922303394327148,118
664948,Anthony Misiewicz,Medium,-0.0370455835194952,28
571670,Dylan Floro,Medium,0.09349934445327819,147
658648,Pedro Avila,Medium,-0.010595943089484194,27
605521,Art Warren,Medium,-0.013603121295431082,26
623352,Josh Hader,Medium,-0.040726357899976376,149
571710,Mychal Givens,Low,0.2674508619255754,40
663773,Bryan Hoeing,Medium,0.003538780822482737,18
453178,Ian Kennedy,Low,-0.022416754368741305,45
661403,Emmanuel Clase,Medium,-0.04545386763713799,177
621248,Ralph Garza,Medium,0.0870880348409931,15
502085,David Robertson,High,-0.3467094745580461,22
656458,Lucas Gilbreath,Low,0.04176960808197977,33
670174,Josh Winckowski,Medium,0.11000849939190094,34
657031,Josh Taylor,Medium,0.005065053012957136,23
605488,Jeffrey Springs,Medium,-0.03783780979323616,29
592390,Heath Hembree,High,0.22920675149731834,10
667463,John King,High,-0.18600735246327002,7
592767,Drew Smyly,High,0.21114373966858935,8
596027,Dillon Maples,Medium,0.2569190018315268,16
453268,Daniel Bard,Medium,-0.016774834826949362,107
453268,Daniel Bard,Low,-0.009360092191927549,50
621051,Steven Wilson,Medium,0.03277574174707574,84
547184,Michael Kelly,Low,-0.03185091991339846,5
523260,Joe Kelly,Medium,-0.052431821674790303,92
573009,Joe Mantiply,High,0.4682815845855629,5
650960,Daniel Duarte,Medium,-0.0991994083602429,18
456034,David Price,Low,0.29245307238843865,18
543766,Bryan Shaw,High,0.050939590881060245,36
676684,Will Vest,High,0.05114650051178368,15
669211,Keegan Akin,Low,0.15225570594386859,40
669622,Anthony Bender,Medium,0.02722680897034526,68
680767,Victor Vodnik,Low,-0.32987716369863906,13
621363,Colin Poche,Medium,0.00045682175674784895,92
640451,Hunter Harvey,High,-0.01265203059435116,16
455119,Chris Martin,Medium,-0.06975014339528698,94
605154,John Brebbia,Low,-0.11112033570804797,13
465657,Joakim Soria,Low,0.04885111994486824,16
605121,Justin Anderson,Low,0.22714114425823198,10
656222,Jalen Beeks,Medium,0.0875591344428468,40
681676,Ryan Fernandez,Low,0.3457306247976162,18
606930,Jacob Barnes,High,0.06316516249181348,10
628708,Yunior Marte,Medium,-0.04441998188081442,42
665625,Elvis Peguero,High,-0.47436883559388576,8
489265,Sergio Romo,Low,-0.14638651886554152,26
676092,Collin Snider,Medium,0.006613460995798384,44
657571,Caleb Ferguson,Low,-0.01942631373555143,51
686747,Joe La Sorsa,Medium,-0.13657483777977575,8
657571,Caleb Ferguson,Medium,0.020208075566134662,43
608678,Dominic Leone,High,0.128649779242726,6
605463,Tayler Scott,Low,-0.01592086453138582,18
664854,Ryan Helsley,Low,0.13792309988251317,63
657240,Julian Merryweather,Low,-0.2078075219987048,14
605194,Jharel Cotton,High,0.024849059391948813,8
656730,Trevor Megill,High,0.13899190403732006,10
612434,Miguel Castro,High,-0.09044174954334494,9
608723,Austin Voth,Medium,-0.07732114222059472,82
640448,Kyle Finnegan,Medium,0.016205717479812223,151
666374,Matt Brash,Low,-0.15531108149049436,13
643338,Chad Green,High,0.13123751002766276,14
571479,Andrew Bellatti,Medium,0.08946491860969108,34
643316,Paul Fry,Medium,-0.030757545196588718,29
641329,Bryan Baker,Low,0.012087198079900791,31
670102,Bowden Francis,Low,-0.19942282382136917,7
656546,Jeff Hoffman,Medium,-0.041590426845174944,85
681517,Kyle Leahy,Medium,0.07827981518218152,16
657265,Peter Strzelecki,High,0.08024337674797266,6
451584,Wade Davis,Low,0.05111464404205446,16
642121,Cole Sulser,Medium,0.026033448109552507,66
681806,Andrew Wantz,Medium,-0.13980156559942372,25
453343,Mark Melancon,Low,0.016099180928037526,57
608349,Corey Knebel,Medium,0.09077952855557077,31
623465,Evan Phillips,Low,0.061251115263558906,79
663432,Tanner Rainey,Medium,0.16994644641460344,64
641329,Bryan Baker,Medium,0.012280134460993963,75
571946,Shelby Miller,Low,0.0721935090714337,36
641835,Tim Mayza,High,0.6414594721807901,5
595928,John Curtiss,Low,0.3472199601428971,14
657044,Ryan Thompson,Low,-0.022531173709566588,82
664126,Pete Fairbanks,High,0.14833884593209554,11
573204,Caleb Thielbar,Medium,-0.029550316691076293,129
657612,Tim Hill,High,-0.5956244770443426,8
592094,Jason Adam,Low,-0.09543391352506074,65
677053,Andrew Nardi,Low,-0.03784136657852349,34
502706,Derek Holland,Medium,0.08661873636366459,17
668970,Gavin Hollowell,High,0.1334276743817387,9
608665,Kendall Graveman,Low,0.04969861598587729,68
543056,Danny Coulombe,Medium,-0.005723735105606744,45
693312,Kyle Nicolas,Medium,-0.04722151599494566,25
592773,Ryne Stanek,Medium,0.02120500323901547,136
598286,Nick Ramirez,Low,0.25692124079621836,10
608678,Dominic Leone,Low,-0.1293971539998357,39
660853,Enyel De Los Santos,Medium,0.008354689440721583,124
669459,Kyle Nelson,Low,-0.026642676907834093,60
605151,Archie Bradley,Medium,0.10511965550374924,28
663765,Jake Woodford,Medium,-0.0608271441413513,14
606303,Joel Payamps,High,-0.08945948207202055,21
519326,Hunter Strickland,Medium,-0.12947694587634487,117
502706,Derek Holland,Low,0.21348462778838403,13
572070,Garrett Richards,Medium,-0.19160917700414568,15
622250,Josh Sborz,Low,-0.07173877936596844,35
683409,Angel Chivilli,Low,-0.3569647753040499,5
677053,Andrew Nardi,High,-0.16746287976360869,7
606303,Joel Payamps,Low,0.1268423853701528,64
594580,Sam Moll,Low,0.08488172386490334,80
641755,Tyler Kinley,Low,0.22428213212962428,30
680704,Nick Sandlin,Low,-0.11834904835970757,81
683409,Angel Chivilli,Medium,0.02780831271903068,20
607481,Aaron Bummer,Low,0.04251275258735868,66
641360,Phil Bickford,Medium,-0.030260694838434767,98
594577,Mike Mayers,Medium,0.052134946861351124,42
676760,Ron Marinaccio,Medium,-0.009526719413744953,54
571901,Aaron Loup,Low,0.008406934410908876,85
519151,Ryan Pressly,High,-0.13627202229806792,6
676680,Tom Cosgrove,Medium,-0.009239696506217651,35
663855,Jordan Hicks,High,-0.0035845975143502075,5
518397,Scott Alexander,Low,0.10505392123404601,21
657240,Julian Merryweather,Medium,0.08094541351893134,42
669270,Joel Kuhnel,Medium,-0.12431664274539103,34
689225,Beau Brieske,Low,0.006201115927064886,6
690829,Ben Joyce,Low,-0.02797230774453655,11
493603,Adam Ottavino,Low,0.025513858502436888,91
605151,Archie Bradley,Low,-0.13184598469298692,15
676395,Robert Garcia,Low,0.09327538465294029,26
667427,Zach Jackson,Low,-0.12022584230075672,16
650556,Bryan Abreu,Medium,0.008107127475301302,138
548384,Brooks Raley,Medium,0.0595100016813701,99
608328,Chase De Jong,Low,0.1576350578600966,5
543272,Brad Hand,High,0.3287930516574278,15
663546,Sean Hjelle,High,-0.022473836853147976,11
547973,Aroldis Chapman,Low,0.12697941031690763,88
593833,Wander Suero,Medium,-0.11119768262734908,27
658648,Pedro Avila,High,-0.020241950861219493,15
572070,Garrett Richards,Low,0.08105427356126585,9
656546,Jeff Hoffman,Low,0.03475581024550117,57
657612,Tim Hill,Low,0.07310470809378124,106
663992,Richard Lovelady,Medium,0.09359834651877819,20
670950,Trevor Richards,Medium,0.026920043850071945,62
663460,Kris Bubic,Medium,-0.09255912837164051,15
595465,Dan Winkler,Low,-0.2412585910151786,13
670102,Bowden Francis,Medium,0.01660665430473311,9
656638,Alex Lange,Medium,-0.023677052026000296,118
671922,Cade Smith,Medium,-0.06356091201613849,47
664199,Taylor Clarke,Low,-0.1214829227657805,41
643493,Austin Pruitt,Medium,0.1040565468611718,21
663855,Jordan Hicks,Medium,0.03786899247103529,36
676979,Garrett Crochet,Medium,-0.0873938238589287,23
641682,Ryan Hendrix,Low,-0.017060049609048476,18
676254,Ryan Walker,Medium,0.02853632864046689,46
622253,Dillon Tate,High,0.5371109246545624,15
669796,Jose Hernandez,Medium,0.09104041040421389,24
607179,Jordan Weems,High,-0.2568014360751384,20
500610,Deolis Guerra,High,0.27243747616758895,8
542947,Richard Bleier,Low,0.10823722681323658,82
663893,Brendon Little,Low,0.10786231915767733,21
642701,Dennis Santana,High,0.13853851216297813,20
682120,Tim Herrin,Low,-0.2748102836509234,27
669674,Sam Long,Medium,-0.13441227767030375,43
682171,Penn Murfee,Medium,0.0751783424742499,43
606625,Reyes Moronta,Medium,0.013986265375163709,27
661527,Seth Martinez,Low,0.021530957868137683,47
458677,Justin Wilson,Medium,0.07445232904708583,48
669467,Andre Pallante,High,-0.035081383698405535,7
573204,Caleb Thielbar,Low,0.05677977024641621,75
595014,Blake Treinen,High,-0.43645532321487224,7
448281,Sean Doolittle,Low,0.277147169589681,26
502202,Brad Boxberger,High,-0.11193033124630408,11
571670,Dylan Floro,High,-0.08418790704618573,10
594987,Casey Sadler,Medium,-0.10817164317163967,24
503569,Rafael Dolis,Low,0.0078428307916667,16
592741,Chasen Shreve,Low,-0.07854964208600591,41
669467,Andre Pallante,Medium,-0.10552867597954438,39
607359,Spencer Patton,Low,0.01967714703952791,11
666214,Joey Wentz,High,-0.30723575686454296,8
669212,Eli Morgan,Medium,-0.006163946383882724,82
669467,Andre Pallante,Low,0.33547600377627873,13
641627,Trevor Gott,High,-0.19362495973876293,8
676254,Ryan Walker,Low,0.15626680016169736,16
571948,Hoby Milner,High,-0.4309120841861748,20
641703,Brent Honeywell,High,-0.17900058900306298,7
640470,Adbert Alzolay,Medium,0.10638831168831525,33
475479,David Phelps,Medium,-0.033774186848067496,42
663568,Stephen Kolek,Low,0.19106502127032018,11
640444,Wil Crowe,Low,0.34899592761845827,12
453268,Daniel Bard,High,0.16163656686282277,14
656271,Brock Burke,Medium,0.03502955551775832,75
445276,Kenley Jansen,High,0.35286988589672974,13
573668,Juan Minaya,Medium,-0.04414482733438376,15
570663,Hansel Robles,Medium,-0.007344501744944964,41
683232,Nick Mears,High,0.08738929810430461,7
650895,Diego Castillo,Low,0.07096944700197062,44
681517,Kyle Leahy,Low,-0.07491334329209565,14
668970,Gavin Hollowell,Medium,-0.4460804872097618,9
676395,Robert Garcia,High,0.21805695430017324,13
608665,Kendall Graveman,High,-0.3554366525948893,11
657265,Peter Strzelecki,Medium,-0.03419494900448746,45
605242,Michael Fulmer,Low,0.12174512958983996,36
666374,Matt Brash,Medium,0.01645857728968656,53
433589,Yusmeiro Petit,Medium,0.07690303322337012,55
617228,Hirokazu Sawamura,Low,0.010204890130488647,42
543272,Brad Hand,Medium,-0.05428274304005024,102
681676,Ryan Fernandez,High,-1.0122235654686624,13
676265,Cory Abbott,High,-0.017263930333692203,5
552640,Andrew Kittredge,Low,0.2535218600843888,26
666974,Yennier Cano,High,-0.5849988449713327,11
605521,Art Warren,Low,0.15334871959871776,8
656794,Sean Newcomb,Medium,-0.021943112948415926,18
657240,Julian Merryweather,High,-0.049040205981391694,10
642130,Blake Taylor,Medium,0.23546466598489602,20
643256,Adam Cimber,Low,-0.01924953662544739,47
607216,Joey Krehbiel,Medium,-0.5010658730308726,26
501925,Joe Smith,Low,-0.0939178339434612,32
663992,Richard Lovelady,Low,-0.16120798603755068,12
622088,Tejay Antone,Medium,0.13333276372750902,11
608648,Tyler Duffey,Low,-0.15321034914604995,35
596133,Luke Weaver,Low,-0.06530336012913057,23
664076,Garrett Cleavinger,Medium,0.22365285721348052,40
687863,Porter Hodge,Medium,0.2415954691419161,19
663559,Bailey Falter,Medium,-0.07492036862523435,10
593974,Wandy Peralta,Low,0.027325585774204866,92
502202,Brad Boxberger,Medium,-0.19817377543128167,82
605130,Scott Barlow,Medium,0.010756609547151672,161
606303,Joel Payamps,Medium,-0.048744246407631975,128
543507,Trevor May,Low,-0.11905807803969388,40
656234,Jake Bird,Low,-0.11951702049963445,15
598264,Matt Barnes,Low,0.1422060011916303,41
453192,Andrew Miller,Low,0.5001397368063836,18
595014,Blake Treinen,Medium,0.13610693676824856,67
686826,Bryce Jarvis,Low,-0.3033553616339361,5
519043,Matt Moore,Low,0.05968752624805397,47
642758,Domingo Acevedo,Medium,-0.058495475484083605,44
656458,Lucas Gilbreath,Medium,-0.007914187011718688,51
593619,Domingo Tapia,Medium,0.12343482378130449,23
642232,Ryan Yarbrough,High,-0.4235801147221865,9
596027,Dillon Maples,Low,-0.2910463141025392,8
668970,Gavin Hollowell,Low,0.4689792192421128,6
623437,Justin Topa,High,0.010231711821327443,7
656257,Jeff Brigham,Medium,0.15680304202894552,22
571882,Derek Law,High,0.1276164000809974,24
676702,Hunter Stratton,Low,-0.09375123370297554,13
518813,Greg Holland,High,-0.09982706939523449,6
661527,Seth Martinez,Medium,-0.11840595605263723,45
670174,Josh Winckowski,Low,-0.288181093572406,11
676051,Codi Heuer,Medium,-0.11757867273774103,32
657097,Jacob Webb,High,-0.11524253638138962,7
663432,Tanner Rainey,Low,-0.287464397673946,46
669438,Mason Englert,High,-0.38848073801199057,8
